City,Lat,Lng,Max Temp,Humidity,Clouds,Wind Speed,Country,Date
Kapaa,22.08,-159.32,82.99,74,20,11.41,US,1602815670
Örnsköldsvik,63.29,18.72,35.6,100,1,8.05,SE,1602815886
Namatanai,-3.67,152.43,85.26,67,77,6.53,PG,1602815886
Mar del Plata,-38.0,-57.56,55.99,100,90,6.93,AR,1602815703
East London,-33.02,27.91,63.61,78,11,8.99,ZA,1602815668
Caicó,-6.46,-37.1,72.72,79,13,10.04,BR,1602815887
Bredasdorp,-34.53,20.04,51.8,93,100,4.7,ZA,1602815669
Atuona,-9.8,-139.03,78.73,75,1,19.3,PF,1602815685
Zhigansk,66.77,123.37,23.77,95,99,18.84,RU,1602815782
Ushuaia,-54.8,-68.3,39.2,86,75,5.82,AR,1602815669
Ribeira Grande,38.52,-28.7,69.01,84,69,14.54,PT,1602815690
Nome,64.5,-165.41,39.2,86,90,18.34,US,1602815547
Lebu,-37.62,-73.65,50.56,82,0,11.54,CL,1602815690
Bluff,-46.6,168.33,55.99,58,100,15.01,NZ,1602815688
Richards Bay,-28.78,32.04,71.06,76,34,18.48,ZA,1602815889
Espoo,60.25,24.67,37.99,86,75,5.82,FI,1602815889
Jamestown,42.1,-79.24,46.0,93,90,9.17,US,1602815668
Albany,42.6,-73.97,60.01,62,82,4.65,US,1602815670
Avarua,-21.21,-159.78,73.4,56,76,6.93,CK,1602815669
Xining,36.62,101.77,40.48,61,1,1.77,CN,1602815890
Busselton,-33.65,115.33,70.0,38,45,4.99,AU,1602815692
Tasiilaq,65.61,-37.64,42.8,81,100,13.87,GL,1602815677
Iqaluit,63.75,-68.51,33.8,100,90,2.24,CA,1602815682
Saint Paul Harbor,57.79,-152.41,48.2,45,1,6.93,US,1602815685
Chincholi,17.47,77.43,74.07,85,100,6.38,IN,1602815891
Kavieng,-2.57,150.8,84.29,71,95,9.04,PG,1602815694
Chapais,49.78,-74.85,44.6,93,90,12.75,CA,1602815778
Kashiwazaki,37.37,138.55,64.0,50,19,1.99,JP,1602815891
Konya Province,38.17,32.5,50.0,66,0,0.78,TR,1602815891
Carnarvon,-24.87,113.63,73.4,60,0,23.04,AU,1602815676
George Town,5.41,100.34,80.6,83,40,3.15,MY,1602815570
Bowling Green,36.99,-86.44,53.6,87,90,5.82,US,1602815722
Tazovsky,67.47,78.7,29.93,96,100,14.54,RU,1602815892
Departamento de Maldonado,-34.67,-54.92,59.0,93,70,5.82,UY,1602815892
Victor Harbor,-35.57,138.62,68.0,77,100,4.0,AU,1602815893
Laas,46.62,10.7,44.01,76,5,6.93,IT,1602815719
Punta Arenas,-53.15,-70.92,44.6,70,41,17.22,CL,1602815552
Corn Island,12.17,-83.04,83.26,76,23,9.22,NI,1602815893
Mīrganj,28.55,79.2,68.0,88,0,2.01,IN,1602815893
Kumul,42.8,93.45,54.32,34,0,5.39,CN,1602815777
Oddur,4.12,43.89,71.01,80,0,6.29,SO,1602815894
Buena Vista,43.42,-83.9,46.0,70,90,10.29,US,1602815894
Monterey,36.25,-121.25,77.0,29,1,3.36,US,1602815894
Margate,51.38,1.39,50.0,76,75,1.01,GB,1602815781
Hermanus,-34.42,19.23,57.99,83,96,7.0,ZA,1602815669
Rikitea,-23.12,-134.97,74.37,76,100,15.55,PF,1602815668
Kloulklubed,7.04,134.26,87.8,70,75,8.05,PW,1602815895
Vestmannaeyjar,63.44,-20.27,47.93,78,100,5.35,IS,1602815731
Mitú,1.2,-70.17,72.93,95,42,1.39,CO,1602815600
São João da Barra,-21.64,-41.05,72.03,85,88,11.21,BR,1602815896
Beringovskiy,63.05,179.32,43.65,89,100,18.81,RU,1602815719
Jieshi,22.81,115.83,82.0,66,48,3.0,CN,1602815685
Butaritari,3.07,172.79,82.6,72,99,11.18,KI,1602815713
Hobart,-42.88,147.33,57.99,43,75,2.24,AU,1602815560
Chokurdakh,70.63,147.92,31.01,99,100,11.43,RU,1602815704
Ilulissat,69.22,-51.1,35.6,69,97,3.36,GL,1602815699
Wexford,52.33,-6.46,46.99,85,82,7.81,IE,1602815897
Padang,-0.95,100.35,84.83,61,90,3.76,ID,1602815700
Mataura,-46.19,168.86,55.99,58,100,15.01,NZ,1602815671
Omsukchan,62.53,155.8,26.37,95,100,4.65,RU,1602815898
Kahului,20.89,-156.47,87.8,48,20,8.05,US,1602815681
Hong Kong,22.29,114.16,82.99,67,76,1.01,HK,1602815677
Gigmoto,13.78,124.39,83.8,75,99,3.78,PH,1602815898
Zdvinsk,54.7,78.66,37.04,86,67,3.69,RU,1602815707
Nikolskoye,59.7,30.79,39.0,86,75,6.71,RU,1602815675
Leh,34.17,77.58,41.77,53,0,3.15,IN,1602815547
Matamoros,25.53,-103.25,86.0,16,5,10.67,MX,1602815767
Buala,-8.14,159.59,86.0,64,47,3.04,SB,1602815899
Olyka,50.72,25.81,45.0,98,98,10.0,UA,1602815900
Pāvugada,14.1,77.27,72.63,76,37,11.83,IN,1602815900
Ponta do Sol,32.67,-17.1,68.0,72,40,6.93,PT,1602815721
Vao,-22.67,167.48,71.58,80,100,17.05,NC,1602815675
Ures,29.43,-110.4,87.01,32,99,1.99,MX,1602815900
Longyearbyen,78.22,15.64,26.6,86,75,11.41,SJ,1602815665
Yar-Sale,66.83,70.83,30.45,92,100,7.78,RU,1602815901
Celestún,20.87,-90.4,78.15,77,0,11.23,MX,1602815901
Tuktoyaktuk,69.45,-133.04,19.4,85,90,16.11,CA,1602815703
Silver City,32.77,-108.28,68.0,16,1,4.7,US,1602815901
Shimoda,34.67,138.95,70.0,63,75,21.92,JP,1602815682
Ekhabi,53.51,142.97,37.33,71,95,21.34,RU,1602815902
Lorengau,-2.02,147.27,84.07,71,100,4.9,PG,1602815726
Cockburn Town,21.46,-71.14,83.32,79,12,16.55,TC,1602815687
Gayny,60.31,54.32,48.04,85,99,11.43,RU,1602815902
Castro,-24.79,-50.01,58.57,94,100,9.82,BR,1602815697
Bulawayo,-20.15,28.58,58.08,83,0,5.23,ZW,1602815903
Mahébourg,-20.41,57.7,69.8,88,40,4.7,MU,1602815680
Brusque,-27.1,-48.92,66.2,77,20,3.36,BR,1602815903
Port Elizabeth,-33.92,25.57,57.2,93,75,3.36,ZA,1602815690
Darhan,49.49,105.92,46.58,49,15,6.85,MN,1602815903
Aizawl,23.73,92.72,80.6,88,40,1.34,IN,1602815904
Severo-Kuril'sk,50.68,156.12,43.52,62,64,26.44,RU,1602815676
Cape Town,-33.93,18.42,61.0,71,100,6.93,ZA,1602815577
Karratha,-20.74,116.85,94.35,19,0,12.24,AU,1602815904
Balikpapan,-1.27,116.83,78.8,94,40,3.36,ID,1602815742
São Filipe,14.9,-24.5,81.1,77,35,11.9,CV,1602815686
Portland,45.52,-122.68,57.99,70,0,3.94,US,1602815525
New Norfolk,-42.78,147.06,57.99,36,81,5.12,AU,1602815672
Hokitika,-42.72,170.97,51.78,66,97,2.64,NZ,1602815905
Fairbanks,64.84,-147.72,21.2,67,75,5.82,US,1602815727
San Jerónimo,-11.95,-75.28,50.09,66,21,2.3,PE,1602815905
Qaanaaq,77.48,-69.36,23.79,82,20,6.46,GL,1602815671
Araouane,18.9,-3.53,91.54,14,0,8.03,ML,1602815906
Naze,28.37,129.48,82.4,65,75,9.17,JP,1602815439
Makat,47.65,53.35,52.65,44,100,10.09,KZ,1602815906
Caravelas,-17.71,-39.25,74.17,89,73,3.02,BR,1602815681
Custódia,-8.09,-37.64,67.62,88,75,7.29,BR,1602815907
Vizinga,61.07,50.1,32.02,98,100,9.71,RU,1602815907
Hasaki,35.73,140.83,61.0,67,75,13.87,JP,1602815695
Husavik,66.04,-17.34,24.8,92,0,3.36,IS,1602815772
Cavalcante,-13.8,-47.46,76.08,35,3,2.15,BR,1602815907
Brodick,55.58,-5.15,44.6,87,40,2.24,GB,1602815908
Bengkulu,-3.8,102.27,84.87,65,54,4.29,ID,1602815511
Neuquén,-38.95,-68.06,69.8,60,0,2.24,AR,1602815908
Dikson,73.51,80.55,31.06,97,93,18.19,RU,1602815691
Gold Coast,-28.0,153.43,82.99,57,0,16.11,AU,1602815908
La Ronge,55.1,-105.28,24.8,53,90,19.46,CA,1602815679
Kushiro,42.98,144.37,53.6,46,20,14.99,JP,1602815909
Auki,-8.77,160.7,85.48,68,30,3.49,SB,1602815736
Homer,59.64,-151.55,46.4,70,20,9.17,US,1602815646
Tuatapere,-46.13,167.68,55.99,58,100,15.01,NZ,1602815689
Bhadrapur,26.54,88.09,83.97,67,0,1.41,NP,1602815910
Vardø,70.37,31.11,37.92,77,100,18.61,NO,1602815682
Mount Gambier,-37.83,140.77,55.4,62,90,14.99,AU,1602815910
Preobrazheniye,42.9,133.91,53.35,45,0,8.99,RU,1602815910
Kisangani,0.52,25.2,69.84,98,100,0.96,CD,1602815910
Faya,18.39,42.45,55.4,20,0,5.08,SA,1602815743
Tiksi,71.69,128.87,23.88,97,95,3.89,RU,1602815741
Januária,-15.48,-44.37,78.96,33,0,2.06,BR,1602815911
Okato,-39.2,173.88,60.01,51,0,7.0,NZ,1602815911
Bethel,41.37,-73.41,62.6,82,20,9.17,US,1602815561
Cherskiy,68.75,161.3,34.7,85,12,3.11,RU,1602815693
Abu Samrah,35.3,37.18,60.03,91,0,5.48,SY,1602815912
Leningradskiy,69.38,178.42,35.73,90,100,16.67,RU,1602815696
Port Alfred,-33.59,26.89,61.23,82,71,6.67,ZA,1602815671
Aksu,41.12,80.26,55.13,36,0,4.09,CN,1602815912
Kendal,54.33,-2.75,46.99,90,34,6.98,GB,1602815913
Narsaq,60.92,-46.05,53.6,37,75,21.92,GL,1602815913
Hithadhoo,-0.6,73.08,82.54,73,97,18.66,MV,1602815675
Hurghada,27.26,33.81,78.8,44,0,9.17,EG,1602815913
Piaçabuçu,-10.41,-36.43,74.14,84,0,8.46,BR,1602815901
Palmer,42.16,-72.33,61.0,82,20,9.17,US,1602815914
Nouadhibou,20.93,-17.03,78.8,57,0,11.41,MR,1602815687
Mulegé,26.88,-111.98,82.85,56,0,3.11,MX,1602815914
Korla,41.76,86.15,53.98,38,0,6.96,CN,1602815914
Saskylakh,71.92,114.08,18.12,96,100,10.96,RU,1602815758
Banda Aceh,5.56,95.32,86.04,61,99,12.91,ID,1602815915
Thompson,55.74,-97.86,26.6,73,90,13.87,CA,1602815683
Arraial do Cabo,-22.97,-42.03,71.19,86,91,14.47,BR,1602815671
Narganá,9.44,-78.59,80.62,75,85,3.13,PA,1602815915
Yuancheng,36.65,107.79,49.3,41,0,10.38,CN,1602815915
Santa Engracia,41.94,-1.32,48.2,75,90,17.22,ES,1602815916
Ikom,5.97,8.71,72.91,97,100,1.28,NG,1602815916
Aykhal,66.0,111.5,12.2,85,0,6.71,RU,1602815916
Florø,61.6,5.03,39.2,93,0,5.82,NO,1602815916
Olafsvik,64.89,-23.71,47.3,75,74,4.32,IS,1602815747
Sémbé,1.65,14.58,69.82,95,97,2.35,CG,1602815917
Salinas,36.68,-121.66,77.0,29,1,3.36,US,1602815513
Skjervøy,70.03,20.97,41.88,79,100,17.9,NO,1602815917
Longview,32.5,-94.74,61.0,72,90,11.41,US,1602815917
Neyshabur,36.21,58.8,46.72,46,0,1.97,IR,1602815917
Bambous Virieux,-20.34,57.76,71.01,88,40,4.7,MU,1602815675
Lüderitz,-26.65,15.16,65.62,44,0,11.03,NA,1602815748
Belmonte,-15.86,-38.88,75.2,83,20,3.36,BR,1602815918
Nāndūra Buzurg,20.83,76.45,78.71,84,59,8.81,IN,1602815918
Hauterive,46.09,3.45,46.4,87,90,9.17,FR,1602815919
Talnakh,69.49,88.4,21.2,92,90,13.42,RU,1602815674
Comodoro Rivadavia,-45.87,-67.5,62.6,45,19,4.7,AR,1602815698
Ostrovnoy,68.05,39.51,34.83,87,100,10.33,RU,1602815744
Grand Gaube,-20.01,57.66,71.01,80,0,3.0,MU,1602815679
Lerwick,60.15,-1.15,46.4,87,96,12.75,GB,1602815920
Sharjah city,25.36,55.4,77.0,42,0,5.82,AE,1602815920
Cidreira,-30.18,-50.21,64.9,82,91,8.5,BR,1602815770
Monticello,45.31,-93.79,39.99,64,1,7.65,US,1602815742
Chui,-33.7,-53.46,57.16,91,100,6.44,UY,1602815688
Yellowknife,62.46,-114.35,26.01,73,75,18.34,CA,1602815586
Brae,60.4,-1.35,46.4,87,100,12.75,GB,1602815921
Lalawigan,11.59,125.47,83.57,71,99,3.62,PH,1602815921
Poronaysk,49.22,143.12,43.0,59,67,16.78,RU,1602815921
Lere,10.39,8.57,70.54,83,31,2.44,NG,1602815921
San Patricio,28.02,-97.52,81.0,83,40,13.87,US,1602815922
Batagay-Alyta,67.8,130.41,15.4,92,43,2.15,RU,1602815922
Srednekolymsk,67.45,153.68,32.2,98,100,7.31,RU,1602815922
Dingle,11.0,122.67,80.67,83,100,6.49,PH,1602815775
Haizhou,34.58,119.13,64.38,62,100,6.17,CN,1602815922
Kashgar,39.45,75.98,53.6,32,75,4.47,CN,1602815779
Maceió,-9.67,-35.74,69.8,94,61,3.36,BR,1602815500
Berezovyy,51.67,135.7,39.94,60,100,13.47,RU,1602815923
Marbella,36.52,-4.89,62.6,36,58,12.75,ES,1602815923
Narodychi,51.2,29.08,48.54,93,100,4.18,UA,1602815923
Luza,60.63,47.25,32.49,95,98,9.57,RU,1602815923
Khatanga,71.97,102.5,3.58,94,39,7.63,RU,1602815691
Oxapampa,-10.58,-75.4,56.82,89,5,3.53,PE,1602815924
Hirara,24.8,125.28,84.2,69,75,14.99,JP,1602815924
Ada,43.42,-116.13,51.8,37,1,3.36,US,1602815924
Baghlan,36.13,68.71,61.93,31,0,2.57,AF,1602815924
Pangnirtung,66.15,-65.71,37.2,78,100,8.63,CA,1602815925
Provideniya,64.38,-173.3,44.6,81,90,29.08,RU,1602815669
Metro,-5.11,105.31,88.09,62,51,8.41,ID,1602815925
Barrow,71.29,-156.79,23.0,85,90,17.22,US,1602815708
Vaini,-21.2,-175.2,78.8,83,75,6.93,TO,1602815686
Bud,39.45,-86.18,46.0,100,1,6.98,US,1602815697
Altay,47.87,88.12,42.82,54,99,3.15,CN,1602815722
Hammerfest,70.66,23.68,35.6,100,75,13.87,NO,1602815926
São José da Coroa Grande,-8.9,-35.15,74.73,80,97,6.53,BR,1602815926
Waingapu,-9.66,120.26,88.2,49,90,9.15,ID,1602815927
Lavrentiya,65.58,-171.0,38.26,91,100,22.55,RU,1602815684
Bhīmunipatnam,17.88,83.43,80.6,100,75,4.7,IN,1602815927
Scarborough,54.28,-0.4,50.0,78,99,1.99,GB,1602815927
Kelo,9.31,15.81,71.96,84,8,5.75,TD,1602815752
Codrington,-38.27,141.97,60.17,67,0,11.07,AU,1602815677
Puerto Ayora,-0.74,-90.35,71.01,88,62,1.99,EC,1602815467
Saint-Philippe,-21.36,55.77,69.8,52,40,6.93,RE,1602815684
Isangel,-19.55,169.27,78.8,88,90,14.92,VU,1602815727
Kirkwall,58.98,-2.96,48.2,87,64,11.41,GB,1602815928
Dārāb,28.75,54.54,58.33,23,0,6.51,IR,1602815928
Hilo,19.73,-155.09,82.4,65,1,13.87,US,1602815553
Pacific Grove,36.62,-121.92,73.4,35,1,1.74,US,1602815699
Sechura,-5.56,-80.82,66.31,77,14,12.08,PE,1602815929
Marsá Maţrūḩ,31.35,27.25,64.4,77,0,3.53,EG,1602815714
Tessalit,20.2,1.01,84.16,14,0,7.9,ML,1602815704
Magán,39.97,-3.93,51.01,65,0,4.83,ES,1602815930
Broome,42.25,-75.83,55.99,87,90,10.29,US,1602815675
Kralendijk,12.15,-68.27,84.2,79,0,11.41,BQ,1602815930
Lingao,19.91,109.69,79.57,83,100,27.09,CN,1602815930
Kismayo,-0.36,42.55,78.24,79,0,14.34,SO,1602815761
College,64.86,-147.8,21.2,67,75,8.05,US,1602815931
Almazar,40.32,69.01,46.4,81,0,4.47,UZ,1602815931
Barcelona,41.39,2.16,53.01,70,20,12.75,ES,1602815699
San Vicente,-26.62,-54.13,62.64,78,61,3.44,AR,1602815931
Pithorāgarh,29.58,80.22,64.29,55,0,2.06,IN,1602815932
Bay Roberts,47.6,-53.26,55.99,1,6,3.13,CA,1602815932
Danshui,22.8,114.47,84.0,93,63,23.0,CN,1602815932
Kaitangata,-46.28,169.85,63.0,38,100,3.0,NZ,1602815677
Praia,14.92,-23.51,78.8,94,40,10.29,CV,1602815932
Klaksvík,62.23,-6.59,42.8,87,85,1.68,FO,1602815697
Pisco,-13.7,-76.22,64.4,82,88,2.24,PE,1602815745
Teluk Nibung,3.0,99.82,85.44,71,99,4.56,ID,1602815933
Vanimo,-2.67,141.3,78.28,89,100,0.81,PG,1602815688
Gorontalo,0.54,123.06,88.52,59,99,5.19,ID,1602815933
Cassilândia,-19.11,-51.73,69.17,90,100,5.75,BR,1602815934
Thinadhoo,0.53,72.93,83.62,74,74,20.07,MV,1602815762
Rapid Valley,44.06,-103.15,37.0,55,1,6.93,US,1602815934
Jumla,29.27,82.18,65.35,37,0,2.24,NP,1602815934
Saldanha,-33.01,17.94,50.0,81,65,3.36,ZA,1602815690
Grindavik,63.84,-22.43,46.4,87,90,6.93,IS,1602815705
Bonthe,7.53,-12.51,77.95,86,94,5.82,SL,1602815776
Chengde,40.97,117.94,54.27,36,0,11.9,CN,1602815935
Aliwal North,-30.69,26.71,54.39,54,0,5.86,ZA,1602815935
Geraldton,-28.77,114.6,73.4,46,49,10.29,AU,1602815676
Concarneau,47.88,-3.92,48.2,93,3,4.7,FR,1602815935
Katsuura,35.13,140.3,63.0,63,75,16.11,JP,1602815702
Srīvardhan,18.03,73.02,80.02,89,89,12.15,IN,1602815936
San Miguel,13.48,-88.18,74.43,92,97,1.48,SV,1602815936
Al Bardīyah,31.76,25.09,71.35,60,77,10.87,LY,1602815937
Moose Factory,51.26,-80.61,33.8,96,90,13.87,CA,1602815937
Hambantota,6.12,81.12,82.4,83,20,5.82,LK,1602815757
York,40.13,-77.0,66.2,72,90,3.36,US,1602815937
Noumea,-22.28,166.46,77.0,94,100,8.05,NC,1602815684
Petropavl,54.88,69.16,45.05,58,93,11.95,KZ,1602815938
Porto Belo,-27.16,-48.55,66.2,77,20,3.36,BR,1602815851
Carauari,-4.88,-66.9,73.36,97,32,0.89,BR,1602815730
Dungarvan,52.09,-7.63,46.99,85,3,6.62,IE,1602815804
Poyarkovo,49.6,128.68,45.07,51,0,11.95,RU,1602815939
Cabedelo,-6.98,-34.83,75.2,88,5,4.7,BR,1602815939
Esperance,-33.87,121.9,62.6,77,75,10.29,AU,1602815678
Huilong,31.81,121.66,64.0,86,100,10.02,CN,1602815939
Passos,-20.72,-46.61,66.85,89,68,3.53,BR,1602815939
Gizo Government Station,-8.1,156.84,83.79,70,64,3.69,SB,1602815775
Haines Junction,60.75,-137.51,32.16,94,81,1.97,CA,1602815940
Sioux Lookout,50.1,-91.92,32.0,89,75,11.41,CA,1602815940
Vaskút,46.11,18.99,48.81,95,73,5.77,HU,1602815940
Curaçá,-8.99,-39.91,74.03,69,0,14.45,BR,1602815940
Šibenik,43.73,15.91,57.2,67,4,6.93,HR,1602815941
Coracora,-15.03,-73.78,49.87,67,100,4.81,PE,1602815941
Hamilton,39.18,-84.53,48.99,81,90,9.17,US,1602815661
Touros,-5.2,-35.46,77.0,83,40,6.93,BR,1602815551
Nanortalik,60.14,-45.24,39.92,71,100,3.69,GL,1602815783
Phalodi,27.13,72.37,85.1,15,0,12.26,IN,1602815942
Oodweyne,9.41,45.06,70.18,59,3,1.63,SO,1602815942
Kruisfontein,-34.0,24.73,55.0,95,95,1.01,ZA,1602815691
Seoul,37.57,126.98,57.2,58,90,3.36,KR,1602815592
Airai,-8.93,125.41,81.54,34,99,3.22,TL,1602815742
Kapit,2.02,112.93,90.18,57,100,2.42,MY,1602815943
Along,28.17,94.77,81.61,60,6,0.47,IN,1602815943
Wattegama,6.8,81.48,82.4,83,20,5.82,LK,1602815943
Governador Valadares,-18.85,-41.95,73.26,86,100,0.78,BR,1602815943
Kualakapuas,-3.01,114.39,84.2,74,40,6.93,ID,1602815943
Santa Cruz de La Palma,28.68,-17.76,73.4,73,90,4.7,ES,1602815943
Kalmunai,7.42,81.82,84.42,62,96,3.13,LK,1602815476
Álamos,27.02,-108.93,87.01,59,0,8.01,MX,1602815944
Torbay,47.67,-52.73,57.0,100,90,6.93,CA,1602815680
Jacareacanga,-6.22,-57.75,75.65,72,2,0.78,BR,1602815760
Panguna,-6.32,155.48,76.17,88,94,1.43,PG,1602815944
Cairns,-16.92,145.77,82.0,61,40,10.29,AU,1602815945
Clyde,41.3,-82.98,48.0,86,100,9.37,US,1602815945
Colac,-38.33,143.58,59.0,70,0,4.0,AU,1602815945
Gannan,47.91,123.5,45.14,53,0,8.46,CN,1602815945
Upernavik,72.79,-56.15,29.19,86,88,4.56,GL,1602815729
Panna,24.72,80.2,83.16,66,0,8.3,IN,1602815946
Chicama,-7.84,-79.15,63.52,80,34,4.85,PE,1602815711
Mwense,-10.38,28.7,70.47,65,0,5.84,ZM,1602815946
Ayagoz,47.97,80.44,50.07,45,0,2.19,KZ,1602815946
Soleşti,46.77,27.78,54.0,100,0,6.93,RO,1602815946
Huanan,46.22,130.52,47.57,49,21,6.42,CN,1602815947
Sitka,57.05,-135.33,48.2,61,90,6.93,US,1602815776
Saint-Augustin,51.23,-58.65,44.38,88,32,8.84,CA,1602815720
Olinda,-8.01,-34.86,78.8,74,40,8.05,BR,1602815416
Faanui,-16.48,-151.75,79.61,77,25,8.3,PF,1602815673
Sørland,67.67,12.69,45.1,82,99,13.02,NO,1602815948
Bichura,50.59,107.6,43.9,57,85,3.98,RU,1602815948
Udachny,66.42,112.4,12.2,85,100,6.71,RU,1602815948
Wanlaweyn,2.62,44.89,75.9,86,31,9.08,SO,1602815949
Plungė,55.91,21.84,42.01,93,81,6.93,LT,1602815949
Weil im Schönbuch,48.62,9.06,46.4,93,75,9.17,DE,1602815949
Kieta,-6.22,155.63,83.59,70,90,3.69,PG,1602815949
Nuuk,64.18,-51.72,39.2,69,100,13.87,GL,1602815949
Paragominas,-2.97,-47.48,73.6,88,0,3.6,BR,1602815950
Khasan,42.43,130.64,55.78,51,1,10.11,RU,1602815950
Mutsu,41.29,141.22,60.01,47,40,12.75,JP,1602815950
Pochutla,15.74,-96.47,79.0,84,100,3.18,MX,1602815732
Mumbai,19.01,72.85,80.6,88,40,9.37,IN,1602815729
Hay River,60.82,-115.8,26.6,53,75,19.46,CA,1602815950
Russell,32.35,-85.2,71.6,93,1,2.21,US,1602815951
Saint George,37.1,-113.58,73.4,13,1,28.86,US,1602815479
Madang,-5.22,145.8,84.27,66,99,7.05,PG,1602815951
Tamandaré,-8.76,-35.1,74.66,81,98,5.97,BR,1602815710
Kununurra,-15.77,128.73,93.2,41,0,6.93,AU,1602815723
Tautira,-17.73,-149.15,78.8,74,75,16.11,PF,1602815952
Doha,25.29,51.53,80.6,61,0,3.36,QA,1602815707
Soyo,-6.13,12.37,75.52,82,100,4.23,AO,1602815952
Chumikan,54.72,135.31,38.17,69,99,20.38,RU,1602815952
Severnyy,50.68,36.55,51.8,71,100,6.71,RU,1602815679
Bismarck,46.81,-100.78,39.2,60,20,12.75,US,1602815401
Coquimbo,-29.95,-71.34,55.4,87,91,3.36,CL,1602815722
Guerrero Negro,27.98,-114.06,77.45,67,5,14.34,MX,1602815953
Amapá,1.0,-52.0,71.78,91,0,2.64,BR,1602815712
Porto Santo,33.07,-16.34,66.2,72,20,8.05,PT,1602815953
Ishigaki,24.34,124.16,84.2,74,75,16.11,JP,1602815889
Afonino,56.26,44.09,50.0,66,20,6.71,RU,1602815954
Shingū,33.73,135.98,69.8,52,75,4.7,JP,1602815954
Lompoc,34.64,-120.46,70.0,64,1,4.7,US,1602815769
Berlevåg,70.86,29.09,35.87,85,100,16.17,NO,1602815759
Tabou,4.42,-7.35,76.59,90,52,7.61,CI,1602815954
Pevek,69.7,170.31,36.73,85,100,15.01,RU,1602815692
Duku,11.24,4.91,76.03,76,3,3.36,NG,1602815955
Lagoa,39.05,-27.98,67.93,86,85,13.02,PT,1602815722
Vargem Grande,-3.54,-43.92,76.51,85,4,4.03,BR,1602815955
Ahipara,-35.17,173.17,56.73,72,54,5.5,NZ,1602815705
Bilibino,68.05,166.44,30.13,94,100,3.31,RU,1602815528
Port Lincoln,-34.73,135.87,59.56,79,100,6.69,AU,1602815736
La Macarena,2.18,-73.78,72.05,95,99,0.83,CO,1602815956
Bolgatanga,10.79,-0.85,77.47,81,0,4.25,GH,1602815956
San Rafael del Sur,11.85,-86.44,77.0,83,20,4.7,NI,1602815956
Gouré,13.98,10.27,82.0,51,2,3.47,NE,1602815714
Praia da Vitória,38.73,-27.07,68.0,100,75,4.59,PT,1602815726
Kupang,-10.17,123.58,89.6,59,20,8.05,ID,1602815957
Chara,56.91,118.26,30.65,90,100,3.18,RU,1602815957
Port Blair,11.67,92.75,82.26,79,100,11.14,IN,1602815740
Alta Floresta,-9.88,-56.09,79.56,53,57,3.02,BR,1602815701
Nālūt,30.33,10.85,71.15,22,18,7.09,LY,1602815958
Yermakovskoye,53.28,92.4,43.25,89,100,11.86,RU,1602815958
Newport,51.59,-3.0,48.0,94,4,10.25,GB,1602815958
Eureka,40.8,-124.16,66.0,79,0,1.01,US,1602815958
Amoy,24.48,118.08,77.0,65,75,6.71,CN,1602815958
Paysandu,-32.32,-58.08,61.97,86,100,8.41,UY,1602815846
Inverell,-29.78,151.12,84.99,35,1,4.0,AU,1602815959
Iquitos,-3.75,-73.25,74.17,94,100,1.99,PE,1602815664
Koróni,36.8,21.95,66.99,100,20,10.87,GR,1602815959
Inírida,3.87,-67.92,75.72,86,51,1.86,CO,1602815713
Lithakia,37.72,20.83,73.4,83,40,18.34,GR,1602815960
Asahikawa,43.77,142.37,48.2,45,75,8.05,JP,1602815960
Yashkul',46.17,45.34,55.17,82,5,4.79,RU,1602815960
Souillac,-20.52,57.52,69.8,88,40,4.7,MU,1602815721
Rio Grande,-32.03,-52.1,61.12,92,0,10.4,BR,1602815720
Burnie,-41.07,145.92,55.99,40,83,8.99,AU,1602815960
Paamiut,61.99,-49.67,39.2,74,100,18.32,GL,1602815767
Oranjemund,-28.55,16.43,59.54,75,0,5.91,NA,1602815961
Henties Bay,-22.12,14.28,57.99,94,63,2.28,NA,1602815746
Mongu,-15.25,23.13,71.44,50,9,5.39,ZM,1602815961
Oistins,13.07,-59.53,82.4,74,40,16.11,BB,1602815961
Moorhead,46.87,-96.77,42.8,38,90,12.75,US,1602815962
Malbork,54.04,19.03,46.99,100,76,5.08,PL,1602815962
Dalby,-27.18,151.27,80.6,26,0,10.29,AU,1602815705
Port Hardy,50.7,-127.42,48.2,93,90,19.46,CA,1602815753
Marathon,44.9,-89.77,37.4,51,90,4.7,US,1602815962
Laguna,38.42,-121.42,79.0,33,1,4.05,US,1602815963
Flinders,-34.58,150.86,64.99,72,90,8.05,AU,1602815743
Kuusamo,65.97,29.18,32.0,90,90,11.41,FI,1602815963
Mount Isa,-20.73,139.5,89.6,21,0,11.41,AU,1602815730
Apateu,46.62,21.78,55.0,93,34,3.36,RO,1602815963
Taoudenni,22.68,-3.98,85.14,14,0,11.45,ML,1602815733
Yugorsk,61.31,63.33,40.12,91,100,11.92,RU,1602815964
Arman',59.7,150.17,34.12,77,10,7.07,RU,1602815964
Tefé,-3.35,-64.71,73.8,94,23,1.48,BR,1602815964
Srandakan,-7.94,110.25,82.89,70,76,10.07,ID,1602815964
The Valley,18.22,-63.06,82.4,78,40,12.75,AI,1602815812
Bat Khela,34.62,71.97,72.28,25,0,4.81,PK,1602815965
Dakar,14.69,-17.44,78.8,94,20,4.7,SN,1602815965
Prince Rupert,54.32,-130.32,46.4,93,90,5.82,CA,1602815744
Khovu-Aksy,51.13,93.6,38.41,72,100,4.25,RU,1602815965
Pimenta Bueno,-11.67,-61.19,72.3,96,100,3.4,BR,1602815966
Mpraeso,6.59,-0.73,69.64,100,86,2.82,GH,1602815966
Iztapa,13.93,-90.71,66.99,88,100,1.99,GT,1602815966
Jalgaon,21.02,75.57,79.56,81,4,11.23,IN,1602815966
Saint Anthony,45.02,-93.22,42.8,52,1,4.7,US,1602815879
Gravdal,68.12,13.5,44.71,79,100,12.77,NO,1602815967
Rawson,-43.3,-65.1,69.39,41,57,21.07,AR,1602815967
Lukulu,-14.37,23.24,69.21,59,22,4.9,ZM,1602815967
Whitehorse,60.72,-135.05,37.99,74,75,11.41,CA,1602815490
Kasongo-Lunda,-6.47,16.82,70.47,91,100,0.56,CD,1602815967
Indianola,41.36,-93.56,44.6,36,1,4.7,US,1602815967
Vikulovo,56.82,70.61,40.98,91,95,14.23,RU,1602815968
Paraíso,9.84,-83.87,69.8,94,70,3.36,CR,1602815968
Yumen,40.28,97.2,46.36,45,0,4.72,CN,1602815720
Umluj,25.02,37.27,85.14,36,0,11.01,SA,1602815566
Mukhen,48.1,136.1,42.64,59,0,10.78,RU,1602815968
Ouadda,8.08,22.4,67.75,92,89,4.54,CF,1602815969
Durango,24.83,-104.83,60.35,38,36,4.14,MX,1602815758
Lensk,60.73,114.93,30.65,92,100,12.82,RU,1602815969
Antibes,43.56,7.13,54.0,76,20,4.7,FR,1602815732
Asău,46.43,26.4,48.99,85,59,4.52,RO,1602815969
Sistranda,63.73,8.83,46.4,93,75,12.75,NO,1602815970
Rodrigues Alves,-7.74,-72.65,74.05,77,18,2.08,BR,1602815970
Mpanda,-6.37,31.04,68.65,64,23,4.05,TZ,1602815970
Kirov,58.6,49.66,46.51,84,98,15.08,RU,1602815715
Santa Rosa,14.31,121.11,89.01,74,40,10.29,PH,1602815970
Vágur,61.47,-6.81,47.23,78,100,7.36,FO,1602815971
Acaraú,-2.89,-40.12,79.29,83,22,15.03,BR,1602815711
Fortuna,40.6,-124.16,57.99,71,1,5.82,US,1602815686
Khovd,48.01,91.64,43.0,42,96,3.65,MN,1602815971
Cancún,21.17,-86.85,82.4,83,20,4.7,MX,1602815896
Layou,13.2,-61.27,84.2,74,40,17.22,VC,1602815972
São Paulo de Olivença,-3.38,-68.87,73.81,96,92,3.06,BR,1602815735
Kulachi,31.93,70.46,81.99,18,0,5.06,PK,1602815972
Khāsh,28.22,61.22,52.47,35,0,7.05,IR,1602815972
Epe,6.58,3.98,75.04,94,76,4.23,NG,1602815689
Coari,-4.08,-63.14,73.78,95,100,2.06,BR,1602815973
Aripuanã,-9.17,-60.63,77.13,71,58,1.01,BR,1602815973
Malanje,-9.54,16.34,64.33,94,100,1.92,AO,1602815711
Oranjestad,12.52,-70.03,84.2,74,20,12.75,AW,1602815974
Maridi,4.92,29.47,68.4,91,100,1.88,SS,1602815974
Kichera,55.94,110.1,38.37,83,100,13.76,RU,1602815974
Oyem,1.6,11.58,67.33,100,100,2.86,GA,1602815974
Riyadh,24.69,46.72,60.8,29,0,3.36,SA,1602815961
Whitecourt,54.15,-115.69,33.8,69,20,10.29,CA,1602815974
Maragogi,-9.01,-35.22,74.32,81,98,6.6,BR,1602815839
Snezhnogorsk,69.19,33.25,35.6,93,75,11.18,RU,1602815975
Hobyo,5.35,48.53,79.27,81,30,13.67,SO,1602815694
Puerto del Rosario,28.5,-13.86,71.6,73,75,16.11,ES,1602815975
Jālaun,26.15,79.34,85.93,46,0,6.51,IN,1602815975
Ryōtsu-minato,38.08,138.43,62.6,59,20,4.7,JP,1602815976
Port Macquarie,-31.43,152.92,80.01,54,100,5.01,AU,1602815976
Muros,42.78,-9.06,46.99,89,25,1.99,ES,1602815747
Kilindoni,-7.91,39.67,78.12,79,9,11.23,TZ,1602815976
Sobolevo,54.43,31.9,45.48,90,95,1.39,RU,1602815976
Peñarroya-Pueblonuevo,38.3,-5.27,50.0,66,0,1.12,ES,1602815977
Zabid,14.2,43.32,83.52,69,1,4.14,YE,1602815977
Alappuzha,9.49,76.33,80.76,81,19,11.39,IN,1602815977
Makīnsk,52.63,70.42,42.96,61,0,8.3,KZ,1602815977
Carmo do Paranaíba,-19.0,-46.32,71.01,24,95,5.97,BR,1602815977
Te Anau,-45.42,167.72,46.56,84,100,11.05,NZ,1602815767
Manggar,-2.88,108.27,83.52,72,100,8.61,ID,1602815761
Zeya,53.75,127.27,34.95,79,29,4.43,RU,1602815978
Jalu,29.03,21.55,74.62,37,0,10.96,LY,1602815778
Ust-Kuyga,70.02,135.6,16.05,95,92,4.61,RU,1602815706
Mahajanga,-15.72,46.32,73.4,73,20,5.82,MG,1602815979
Aklavik,68.22,-135.01,19.4,85,90,6.93,CA,1602815723
Kade,52.38,12.27,48.99,81,86,1.99,DE,1602815979
Andenes,69.31,16.12,42.8,93,75,13.87,NO,1602815979
Nador,35.17,-2.93,64.4,68,81,3.36,MA,1602815693
Vila Velha,-20.33,-40.29,75.99,73,100,11.41,BR,1602815679
Kirakira,-10.45,161.92,82.89,77,28,7.56,SB,1602815699
Brattleboro,42.85,-72.56,57.2,76,20,4.7,US,1602815980
Emerald,-23.53,148.17,82.4,37,40,12.75,AU,1602815765
Santa Maria,-29.68,-53.81,59.76,87,3,11.77,BR,1602815980
Constitución,-35.33,-72.42,56.57,82,0,5.79,CL,1602815709
Miandrivazo,-19.52,45.47,80.11,65,86,4.63,MG,1602815981
Zhigalovo,54.81,105.16,38.26,81,99,16.8,RU,1602815981
Uglovskoye,51.36,80.19,46.72,58,59,4.5,RU,1602815981
Half Moon Bay,37.46,-122.43,86.0,20,1,11.41,US,1602815981
Huarmey,-10.07,-78.15,63.18,83,73,6.26,PE,1602815680
Broken Hill,-31.95,141.43,86.0,16,40,13.87,AU,1602815982
Rafaela,-31.25,-61.49,71.01,69,0,5.32,AR,1602815982
Baní,18.28,-70.33,78.01,87,23,3.0,DO,1602815982
Batemans Bay,-35.72,150.18,64.0,59,99,1.99,AU,1602815982
Tagusao,9.19,117.81,78.3,88,100,13.87,PH,1602815982
Zhengjiatun,43.51,123.51,51.73,41,0,10.13,CN,1602815983
Traralgon,-38.18,146.53,60.01,66,4,8.01,AU,1602815983
Port Hedland,-20.32,118.57,102.2,10,0,8.05,AU,1602815983
Arrondissement de Reims,49.17,4.08,48.2,87,90,8.05,FR,1602815983
Rockport,28.02,-97.05,81.0,88,1,11.41,US,1602815930
San Cristobal,7.77,-72.22,65.48,87,27,2.57,VE,1602815779
Porto-Novo,6.5,2.6,78.8,88,40,8.05,BJ,1602815984
Pergamino,-33.89,-60.57,59.76,89,30,11.14,AR,1602815911
Bayan,46.08,127.4,48.0,46,5,12.01,CN,1602815909
Vila,42.03,-8.16,42.01,91,26,1.99,PT,1602815984
Atbasar,51.8,68.33,45.95,51,32,8.46,KZ,1602815984
Bonavista,48.65,-53.11,54.0,77,0,8.01,CA,1602815712
Shenjiamen,29.96,122.3,63.82,87,100,11.14,CN,1602815985
Mandera,3.94,41.87,78.42,62,0,10.2,KE,1602815985
Kelowna,49.88,-119.49,50.0,66,90,6.93,CA,1602815726
Hualmay,-11.1,-77.61,62.74,82,33,7.7,PE,1602815985
Bac Lieu,9.29,105.72,83.21,78,100,16.82,VN,1602815986
Houma,29.6,-90.72,75.2,83,1,3.04,US,1602815986
Boyolangu,-8.12,111.89,83.82,64,48,9.24,ID,1602815986
Vieques,18.43,-65.83,82.4,88,20,3.36,PR,1602815986
Taltal,-25.4,-70.48,58.15,73,43,2.59,CL,1602815986
Cabo San Lucas,22.89,-109.91,84.0,74,5,11.41,MX,1602815413
Wajima,37.4,136.9,64.4,55,40,6.93,JP,1602815987
Methóni,36.82,21.7,66.99,100,20,15.3,GR,1602815987
Batagay,67.63,134.63,16.97,91,42,1.43,RU,1602815987
Flin Flon,54.77,-101.86,23.38,87,92,13.04,CA,1602815987
Mmabatho,-25.85,25.63,59.0,72,0,3.36,ZA,1602815972
Quang Ngai,15.12,108.8,76.57,94,100,5.97,VN,1602815988
Parabel',58.7,81.48,32.04,93,32,7.52,RU,1602815988
Talara,-4.58,-81.27,64.49,88,53,13.51,PE,1602815988
Outram,1.28,103.84,86.0,66,75,6.93,MY,1602815988
Tura,25.52,90.22,84.04,69,0,1.83,IN,1602815526
Yashan,22.2,109.94,78.73,74,78,14.03,CN,1602815989
Bandarbeyla,9.49,50.81,79.43,78,0,14.16,SO,1602815722
Samarai,-10.62,150.67,79.95,80,9,12.21,PG,1602815771
Zemio,5.03,25.14,69.03,95,100,0.6,CF,1602815989
Karatuzskoye,53.61,92.87,42.15,92,100,7.16,RU,1602815989
Kamyshlov,56.84,62.71,45.84,62,100,12.93,RU,1602815990
Rio Brilhante,-21.8,-54.55,70.0,95,100,1.16,BR,1602815990
The Pas,53.83,-101.25,24.8,79,75,13.87,CA,1602815990
Norman Wells,65.28,-126.83,15.8,78,20,5.82,CA,1602815695
Ancud,-41.87,-73.82,46.99,87,15,3.36,CL,1602815561
Zlobin,45.29,14.65,53.01,76,75,5.82,HR,1602815990
Cap Malheureux,-19.98,57.61,72.0,81,1,1.99,MU,1602815991
Hofn,64.25,-15.21,45.1,78,18,1.39,IS,1602815692
Adré,13.47,22.2,75.42,25,11,8.68,TD,1602815991
Winneba,5.35,-0.62,77.0,94,20,8.05,GH,1602815991
Quatre Cocos,-20.21,57.76,71.01,88,40,4.7,MU,1602815772
Bela Vista,-22.11,-56.52,68.0,96,1,1.92,BR,1602815992
Bilma,18.69,12.92,80.85,19,0,2.71,NE,1602815992
Hereford,52.06,-2.71,45.0,92,53,4.68,GB,1602815992
Viedma,-40.81,-63.0,60.01,62,0,1.99,AR,1602815992
Adolfo López Mateos,28.47,-107.3,57.11,37,98,5.95,MX,1602815868
Oktyabr'skiy,54.48,53.47,49.91,70,32,11.59,RU,1602815992
Livingston,55.9,-3.52,46.4,81,90,1.12,GB,1602815993
Proletarsk,46.7,41.72,56.01,66,100,1.14,RU,1602815993
Karasjok,69.47,25.51,35.6,92,100,18.34,NO,1602815993
Hastings,50.86,0.57,48.2,93,85,11.41,GB,1602815993
Sayhāt,26.49,50.04,71.6,83,0,8.05,SA,1602815994
Léo,11.1,-2.1,74.03,88,7,4.99,BF,1602815994
Qandala,11.47,49.87,81.12,56,3,1.34,SO,1602815994
Saint-Pierre,-21.34,55.48,69.8,52,40,6.93,RE,1602815994
Kostino,58.91,53.27,48.7,72,100,14.16,RU,1602815994
Atar,20.52,-13.05,86.85,23,42,7.38,MR,1602815734
Treinta y Tres,-33.23,-54.38,54.5,96,3,6.78,UY,1602815919
Adrar,20.5,-10.07,86.23,14,7,9.6,MR,1602815707
Itarema,-2.92,-39.92,80.01,80,32,15.77,BR,1602815768
Letka,59.6,49.42,41.83,88,100,11.68,RU,1602815995
Belaya Gora,68.53,146.42,25.02,98,100,15.28,RU,1602815768
Sinop Province,41.77,34.87,59.99,65,0,6.4,TR,1602815996
Mossamedes,-15.2,12.15,69.19,77,68,7.52,AO,1602815673
Rocha,-34.48,-54.33,55.47,95,100,5.57,UY,1602815732
Yangi Marg`ilon,40.43,71.72,50.0,71,0,6.93,UZ,1602815673
Ketchikan,55.34,-131.65,44.6,100,90,13.87,US,1602815713
Niimi,34.98,133.47,71.01,52,20,3.36,JP,1602815997
Miraflores,19.22,-98.81,69.8,40,20,13.87,MX,1602815997
Ambilobe,-13.2,49.05,70.92,76,36,3.94,MG,1602815717
